Symbol,Series,Date,Prev Close,Adj. Open,Adj. High,Adj. Low,Adj. Volume,Adj. Close,Average Price,Total Traded Quantity,Turnover in Lacs,No. of Trades,Deliverable Qty,% Dly Qt to Traded Qty
N100,EQ,26-Mar-15,290.06,285.01,286,281,286,283.46,284.39,623,1.77,29,407,65.33
N100,EQ,27-Mar-15,283.46,290,300,278,280,280,287.86,1038,2.99,64,749,72.16
N100,EQ,30-Mar-15,280,289,292,275.5,278.51,279.98,285.01,1453,4.14,122,745,51.27
N100,EQ,31-Mar-15,279.98,288,288.9,275.5,275.55,277.81,281.9,2691,7.59,186,1828,67.93
N100,EQ,1-Apr-15,277.81,278,284.95,275,277,278.8,279.35,1332,3.72,104,929,69.74
N100,EQ,6-Apr-15,278.8,279.05,286.95,272.65,277,273.38,278.13,4020,11.18,152,3015,75
N100,EQ,7-Apr-15,273.38,277,279.8,272.05,276.96,273.71,277.45,1048,2.91,68,663,63.26
N100,EQ,8-Apr-15,273.71,277.8,277.8,270,271.22,272.19,272.14,1237,3.37,72,779,62.97
N100,EQ,9-Apr-15,272.19,280.8,280.8,271.26,272.65,272.65,273.01,513,1.4,39,306,59.65
N100,EQ,10-Apr-15,272.65,275,275,272.18,274.5,274.35,274.48,522,1.43,46,424,81.23
N100,EQ,13-Apr-15,274.35,265.15,275,265.05,272.1,273.71,272.71,3398,9.27,87,3013,88.67
N100,EQ,15-Apr-15,273.71,272.06,273.45,268.66,271,270.41,271.42,3061,8.31,139,2252,73.57
N100,EQ,16-Apr-15,270.41,274.65,274.65,265.3,265.5,268.08,269.15,1152,3.1,76,552,47.92
N100,EQ,17-Apr-15,268.08,265.06,276,265.06,275,275,272.14,2246,6.11,67,1962,87.36
N100,EQ,20-Apr-15,275,277.99,277.99,270.26,275.98,275.94,275.24,517,1.42,57,381,73.69
N100,EQ,21-Apr-15,275.94,277,279.8,272,277.81,277.81,277.49,1387,3.85,73,1077,77.65
N100,EQ,22-Apr-15,277.81,278,279.83,275.25,277,276.92,277.28,644,1.79,41,477,74.07
N100,EQ,23-Apr-15,276.92,278,279.9,274,274.38,277.62,279.52,18579,51.93,33,18475,99.44
N100,EQ,24-Apr-15,277.62,280,283.9,277.95,278,278,279.71,6104,17.07,50,5953,97.53
N100,EQ,27-Apr-15,278,278.05,287.95,278.05,283,284.06,283,1581,4.47,83,1129,71.41
N100,EQ,28-Apr-15,284.06,287,300,280.42,290,286.23,290.24,1095,3.18,97,669,61.1
N100,EQ,29-Apr-15,286.23,281.45,297.1,281.45,290,292.01,292.12,2088,6.1,59,1372,65.71
N100,EQ,30-Apr-15,292.01,292.5,292.5,285,291.5,289.14,289.6,467,1.35,43,383,82.01
N100,EQ,4-May-15,289.14,286.1,300,285,285.5,289.45,292.02,1672,4.88,138,1143,68.36
N100,EQ,5-May-15,289.45,293.85,294,282.3,289,290.47,292.21,1262,3.69,68,1012,80.19
N100,EQ,6-May-15,290.47,289.95,291,282.12,283,283.64,287.48,795,2.29,45,550,69.18
N100,EQ,7-May-15,283.64,285,292.5,282,292.5,292.13,289.41,559,1.62,40,490,87.66
N100,EQ,8-May-15,292.13,279.5,293.55,279.5,293.55,289.08,287.84,1646,4.74,98,1200,72.9
N100,EQ,11-May-15,289.08,291,291,278,282,284.03,282.7,2269,6.41,136,1340,59.06
N100,EQ,12-May-15,284.03,288.99,289.5,283.4,285,284.97,287.86,922,2.65,50,698,75.7
N100,EQ,13-May-15,284.97,290.29,290.3,278,278.02,284.06,285.41,909,2.59,72,768,84.49
N100,EQ,14-May-15,284.06,289,289,277.19,277.19,280.57,283.22,975,2.76,90,599,61.44
N100,EQ,15-May-15,280.57,285,288,279.01,287.95,286.08,282.82,995,2.81,88,697,70.05
N100,EQ,18-May-15,286.08,288,288,277.25,278,279.51,280.51,2003,5.62,148,1460,72.89
N100,EQ,19-May-15,279.51,285,285,279,279,279.42,281.17,335,0.94,39,254,75.82
N100,EQ,20-May-15,279.42,285,285,280.05,280.5,280.5,280.84,993,2.79,38,721,72.61
N100,EQ,21-May-15,280.5,281,284,280,283.95,283.6,283.5,683,1.94,34,599,87.7
N100,EQ,22-May-15,283.6,284,284,277.11,284,282.72,281.23,1925,5.41,110,1206,62.65
N100,EQ,25-May-15,282.72,283.99,285,279.83,284.5,284.57,283.48,1187,3.36,72,992,83.57
N100,EQ,26-May-15,284.57,285,287,280.01,280.71,281.88,283.4,508,1.44,36,334,65.75
N100,EQ,27-May-15,281.88,284.86,284.86,280.05,280.05,280.84,281.83,335,0.94,34,267,79.7
N100,EQ,28-May-15,280.84,283,287,276.61,279,278.49,281.2,1125,3.16,83,818,72.71
N100,EQ,29-May-15,278.49,279,285.88,278.2,284.8,284.69,283.61,561,1.59,59,349,62.21
N100,EQ,1-Jun-15,284.69,287.99,289,281,281,282.45,283.35,1943,5.51,76,1741,89.6
N100,EQ,2-Jun-15,282.45,284.9,284.94,280,281,281.08,282.01,261,0.74,31,150,57.47
N100,EQ,3-Jun-15,281.08,282.05,291.21,282,284.89,284.89,284.75,554,1.58,69,441,79.6
N100,EQ,4-Jun-15,284.89,284,293.7,279.12,286,286.01,286.86,1073,3.08,86,579,53.96
N100,EQ,5-Jun-15,286.01,286,290.97,282,289.9,289.9,287.73,748,2.15,38,641,85.7
N100,EQ,8-Jun-15,289.9,290.2,292.85,282.5,287,286.11,288.45,1374,3.96,112,1169,85.08
N100,EQ,9-Jun-15,286.11,286,288.98,283.08,283.19,283.24,284.92,655,1.87,56,437,66.72
N100,EQ,10-Jun-15,283.24,286,287.98,279,281.98,281.22,282.43,1208,3.41,110,771,63.82
N100,EQ,11-Jun-15,281.22,281.26,282.98,280,280,280.19,280.78,734,2.06,41,560,76.29
N100,EQ,12-Jun-15,280.19,284.79,284.8,278.7,281.4,279.8,280.28,2625,7.36,79,2332,88.84
N100,EQ,15-Jun-15,279.8,281,285.84,279.1,281.61,281.61,281.45,1500,4.22,88,1121,74.73
N100,EQ,16-Jun-15,281.61,283.98,285.34,277.01,280.15,282.13,282.45,828,2.34,69,639,77.17
N100,EQ,17-Jun-15,282.13,278.18,283.59,278.12,280,281.79,280.58,3146,8.83,50,3002,95.42
N100,EQ,18-Jun-15,281.79,282.7,282.88,279.02,280.24,280.24,280.43,393,1.1,26,269,68.45
N100,EQ,19-Jun-15,280.24,280.01,281.9,279.5,280,281.07,280.23,2382,6.68,52,1736,72.88
N100,EQ,22-Jun-15,281.07,283,283,278.62,279.5,279.79,281.06,2313,6.5,107,1376,59.49
N100,EQ,23-Jun-15,279.79,279.21,282.94,279.07,279.41,279.88,280.19,821,2.3,50,606,73.81
N100,EQ,24-Jun-15,279.88,284.87,284.87,280,280.1,280.98,281.5,438,1.23,43,335,76.48
N100,EQ,25-Jun-15,280.98,284.69,285.5,280.61,281,281,283.04,706,2,71,497,70.4
N100,EQ,26-Jun-15,281,282.99,284.9,277.5,278.1,278.6,279.18,3009,8.4,107,2536,84.28
N100,EQ,29-Jun-15,278.6,285.97,285.97,266.5,271.53,271.79,273.5,3480,9.52,157,2830,81.32
N100,EQ,30-Jun-15,271.79,271.7,276,270,274.98,274.94,272.24,601,1.64,39,384,63.89
N100,EQ,1-Jul-15,274.94,277.37,277.37,273.5,274.9,274.9,274.66,1053,2.89,58,1005,95.44
N100,EQ,2-Jul-15,274.9,277.44,277.99,271.51,277,277,274.51,653,1.79,39,495,75.8
N100,EQ,3-Jul-15,277,277,277,273.51,274.9,274.4,274.63,876,2.41,33,774,88.36
N100,EQ,6-Jul-15,274.4,274,282.74,271.5,273.89,272.23,274.61,1731,4.75,87,1489,86.02
N100,EQ,7-Jul-15,272.23,277.88,277.88,270.5,270.65,270.77,272.93,1565,4.27,59,1493,95.4
N100,EQ,8-Jul-15,270.77,269.5,275.8,269.5,271.5,271.42,270.98,1211,3.28,72,536,44.26
N100,EQ,9-Jul-15,271.42,272.01,276.79,272,273,273,273.84,456,1.25,33,375,82.24
N100,EQ,10-Jul-15,273,279,279,272.1,276.9,274.48,275.65,633,1.74,49,514,81.2
N100,EQ,13-Jul-15,274.48,275,282,273.5,273.97,274.05,276.34,1346,3.72,110,958,71.17
N100,EQ,14-Jul-15,274.05,279,279,274.28,274.5,274.5,274.95,1445,3.97,57,1222,84.57
N100,EQ,15-Jul-15,274.5,281.39,281.39,274.17,274.75,275.31,276,1584,4.37,76,1318,83.21
N100,EQ,16-Jul-15,275.31,282,282,275.1,277.5,277.5,276.83,1170,3.24,43,968,82.74
N100,EQ,17-Jul-15,277.5,278,279,277.5,278.93,278.93,278.02,259,0.72,18,259,100
N100,EQ,20-Jul-15,278.93,279,284,278.5,280,279.69,281.42,2550,7.18,108,2070,81.18
N100,EQ,21-Jul-15,279.69,284,284,279,281.9,281.98,280.57,2026,5.68,66,1442,71.17
N100,EQ,22-Jul-15,281.98,281.8,289.9,279,279,279,281.31,5475,15.4,184,3707,67.71
N100,EQ,23-Jul-15,279,279,281.4,278,278.75,278.75,279.34,1859,5.19,38,1657,89.13
N100,EQ,24-Jul-15,278.75,281.98,281.98,277,277,277.02,277.75,609,1.69,27,387,63.55
N100,EQ,27-Jul-15,277.02,276,282.99,276,279,278.99,278.4,981,2.73,70,719,73.29
N100,EQ,28-Jul-15,278.99,281,281,274,277.5,277.88,279.02,1667,4.65,49,1495,89.68
N100,EQ,29-Jul-15,277.88,280.99,281,276,278,277.99,278.42,810,2.26,48,510,62.96
N100,EQ,30-Jul-15,277.99,279,280,274.5,275.67,275.75,278.36,971,2.7,41,866,89.19
N100,EQ,31-Jul-15,275.75,277,279.9,277,277.16,278,279.06,1094,3.05,30,927,84.73
N100,EQ,3-Aug-15,278,279,280,276.05,277,277.64,278.63,1086,3.03,79,834,76.8
N100,EQ,4-Aug-15,277.64,279.98,281.3,277.01,277.01,278.23,278.67,1816,5.06,53,1102,60.68
N100,EQ,5-Aug-15,278.23,279.77,279.77,271.07,274.5,276.08,276.53,1813,5.01,103,1275,70.33
N100,EQ,6-Aug-15,276.08,276,279.4,274,274,274.13,276.44,1320,3.65,56,1056,80
N100,EQ,7-Aug-15,274.13,276,278.19,274.16,275.05,275.4,277.08,1878,5.2,92,1196,63.68
N100,EQ,10-Aug-15,275.4,279.98,279.98,274.1,276.25,276.25,276.52,1063,2.94,67,781,73.47
N100,EQ,11-Aug-15,276.25,276,277.95,274.5,275,275.01,275.2,1447,3.98,57,1014,70.08
N100,EQ,12-Aug-15,275.01,274.28,277.75,274.15,275,275.04,275.93,1493,4.12,78,1002,67.11
N100,EQ,13-Aug-15,275.04,276,278.64,275,275,276.54,277.79,537,1.49,41,268,49.91
N100,EQ,14-Aug-15,276.54,277,281,276.99,281,279.88,278.66,695,1.94,56,557,80.14
N100,EQ,17-Aug-15,279.88,281,281,279,279,280.52,280.62,845,2.37,62,631,74.67
N100,EQ,18-Aug-15,280.52,280.99,280.99,278,278,278.67,279.35,531,1.48,30,470,88.51
N100,EQ,19-Aug-15,278.67,280,280.11,277.04,277.2,279.72,279.14,888,2.48,36,700,78.83
N100,EQ,20-Aug-15,279.72,278,280,276.1,276.1,276.11,278.14,1234,3.43,89,689,55.83
N100,EQ,21-Aug-15,276.11,277.95,279.9,275,279.3,278.9,278.43,814,2.27,57,513,63.02
N100,EQ,24-Aug-15,278.9,273,279.02,271.1,271.1,271.49,275.42,1895,5.22,97,1654,87.28
N100,EQ,25-Aug-15,271.49,277.79,277.9,261.1,264.9,265.18,268.14,2708,7.26,117,2126,78.51
N100,EQ,26-Aug-15,265.18,267.5,268.4,263.1,265.5,265.5,265.95,1199,3.19,45,827,68.97
N100,EQ,27-Aug-15,265.5,270,276,270,272.99,272.99,272.63,1285,3.5,81,983,76.5
N100,EQ,28-Aug-15,272.99,269.99,276.97,269.8,274.99,272.64,274.09,1212,3.32,65,808,66.67
N100,EQ,31-Aug-15,272.64,270.01,276.8,270.01,276,276,275.55,932,2.57,57,677,72.64
N100,EQ,1-Sep-15,276,271,279.4,271,279,276.02,274.59,43558,119.61,161,42562,97.71
N100,EQ,2-Sep-15,276.02,272.5,279,272.04,275.5,275.5,275.26,781,2.15,58,502,64.28
N100,EQ,3-Sep-15,275.5,277.99,277.99,272.2,273,273,275.34,1305,3.59,67,885,67.82
N100,EQ,4-Sep-15,273,273,274.95,268.99,271.02,272,271.02,1161,3.15,82,871,75.02
N100,EQ,7-Sep-15,272,278,278,270.5,274.95,274.98,275.56,1537,4.24,104,1154,75.08
N100,EQ,8-Sep-15,274.98,275.5,279.5,266,270,270,272.07,1593,4.33,105,836,52.48
N100,EQ,9-Sep-15,270,274.75,276,271.97,276,274.99,274.69,6281,17.25,62,6040,96.16
N100,EQ,10-Sep-15,274.99,278.88,284.25,271.51,277.1,277.83,279.7,2071,5.79,125,1359,65.62
N100,EQ,11-Sep-15,277.83,279.49,282,276.51,282,282,281.05,786,2.21,37,768,97.71
N100,EQ,14-Sep-15,282,283,285,276.5,278,278.02,281.76,1079,3.04,78,828,76.74
N100,EQ,15-Sep-15,278.02,279.99,286.2,279.99,285,285,285.17,1020,2.91,60,774,75.88
N100,EQ,16-Sep-15,285,287.95,287.96,281.01,285,285,285.07,515,1.47,34,335,65.05
N100,EQ,18-Sep-15,285,285.5,289.9,285.5,289,288.49,288.85,705,2.04,64,344,48.79
N100,EQ,21-Sep-15,288.49,285.5,294.6,281.03,288,287.99,288.5,1657,4.78,97,917,55.34
N100,EQ,22-Sep-15,287.99,288,294,282,282,289.25,289.56,1127,3.26,67,686,60.87
N100,EQ,23-Sep-15,289.25,288,290,280.61,290,288.96,287.84,465,1.34,58,229,49.25
N100,EQ,24-Sep-15,288.96,285,291,272.3,289.8,289.8,288.17,2111,6.08,70,1716,81.29
N100,EQ,28-Sep-15,289.8,287.99,290.99,284.01,287.01,288.34,289.2,1653,4.78,146,734,44.4
N100,EQ,29-Sep-15,288.34,282.6,288.8,278.03,288.75,288.75,287.51,512,1.47,49,355,69.34
N100,EQ,30-Sep-15,288.75,283,287.98,278.36,282.7,282.81,282.89,425,1.2,48,248,58.35
N100,EQ,1-Oct-15,282.81,285.98,285.98,282.01,284.99,284.99,284.46,549,1.56,53,435,79.23
N100,EQ,5-Oct-15,284.99,289.99,289.99,283.5,285.75,285.75,285.79,987,2.82,70,797,80.75
N100,EQ,6-Oct-15,285.75,286,287.9,282.01,282.01,283.87,285.4,800,2.28,88,576,72
N100,EQ,7-Oct-15,283.87,287.99,287.99,283.91,286.48,284.96,286.01,1382,3.95,91,927,67.08
N100,EQ,8-Oct-15,284.96,287.99,293.49,282.16,283,283,283.8,664,1.88,36,528,79.52
N100,EQ,9-Oct-15,283,287.99,287.99,284,284,284,285.69,370,1.06,29,245,66.22
N100,EQ,12-Oct-15,284,287.99,290.99,282.06,284.84,284.18,284.33,794,2.26,92,358,45.09
N100,EQ,13-Oct-15,284.18,291,291,282.23,285,284.89,287.17,682,1.96,62,339,49.71
N100,EQ,14-Oct-15,284.89,283,290,283,284,284,284.9,451,1.28,27,320,70.95
N100,EQ,15-Oct-15,284,288,288.99,283.05,284.95,284.78,285.17,653,1.86,51,470,71.98
N100,EQ,16-Oct-15,284.78,288,289.99,283,285,285,284.82,500,1.42,38,372,74.4
N100,EQ,19-Oct-15,285,286.05,292,282.01,282.01,283.95,285.16,1115,3.18,61,859,77.04
N100,EQ,20-Oct-15,283.95,285,286,283.5,285,284.97,285.03,375,1.07,30,231,61.6
N100,EQ,21-Oct-15,284.97,286.77,286.77,285,285,285,285.71,286,0.82,17,173,60.49
N100,EQ,23-Oct-15,285,284.95,289.95,283,285,285,284.88,1842,5.25,69,1521,82.57
N100,EQ,26-Oct-15,285,286,293.96,283.01,293.1,293.1,287.58,2848,8.19,123,2443,85.78
N100,EQ,27-Oct-15,293.1,292,298,287.21,294.99,294.83,296.2,1862,5.52,75,1534,82.38
N100,EQ,28-Oct-15,294.83,290,294.98,286.01,288.01,288.67,289.96,1017,2.95,41,846,83.19
N100,EQ,29-Oct-15,288.67,299.8,300,283.26,300,298.67,294.99,3184,9.39,91,3027,95.07
N100,EQ,30-Oct-15,298.67,298,305,298,304.99,302.71,302.28,1148,3.47,67,1052,91.64
N100,EQ,2-Nov-15,302.71,305.39,310.05,302.98,302.98,303.13,307.35,1273,3.91,159,677,53.18
N100,EQ,3-Nov-15,303.13,304,309.7,300.3,301.84,301.84,305.37,1603,4.9,92,1023,63.82
N100,EQ,4-Nov-15,301.84,301.9,305,297.01,304.3,301.95,301.84,1956,5.9,83,1138,58.18
N100,EQ,5-Nov-15,301.95,306.33,306.33,301,301,302.34,303.42,863,2.62,53,664,76.94
N100,EQ,6-Nov-15,302.34,306.99,306.99,303,304.85,304.85,304.3,703,2.14,43,402,57.18
N100,EQ,9-Nov-15,304.85,309.7,325,302.49,307.85,307.68,308.45,1822,5.62,96,1425,78.21
N100,EQ,10-Nov-15,307.68,302.5,307.9,300,300,303.18,304.64,1278,3.89,76,831,65.02
N100,EQ,11-Nov-15,303.18,307.99,319,305.01,310,314.52,314.07,549,1.72,65,486,88.52
N100,EQ,13-Nov-15,314.52,310,310,302,305,307.21,305.82,3167,9.69,134,2662,84.05
N100,EQ,16-Nov-15,307.21,307,307,298.47,298.47,299.26,300.16,3932,11.8,134,3201,81.41
N100,EQ,17-Nov-15,299.26,300,304.99,298,299.9,299.78,300.76,1038,3.12,65,694,66.86
N100,EQ,18-Nov-15,299.78,300,306.4,298,298,300.92,300.46,1576,4.74,69,1024,64.97
N100,EQ,19-Nov-15,300.92,305,305,295,296.55,297.49,298.84,1312,3.92,111,901,68.67
N100,EQ,20-Nov-15,297.49,297,303.28,295,299.29,299.95,300.64,1221,3.67,81,879,71.99
N100,EQ,23-Nov-15,299.95,304.99,304.99,298.9,298.9,298.98,301.67,2222,6.7,133,1645,74.03
N100,EQ,24-Nov-15,298.98,301,303.64,299.15,299.19,299.19,301.32,673,2.03,55,375,55.72
N100,EQ,26-Nov-15,299.19,303.39,303.4,295.49,298.2,297.26,300.57,2395,7.2,131,1695,70.77
N100,EQ,27-Nov-15,297.26,301.5,301.83,299.96,301.83,300.04,300.17,838,2.52,43,730,87.11
N100,EQ,30-Nov-15,300.04,300.1,303.99,299.26,299.26,299.39,300.98,832,2.5,63,399,47.96
N100,EQ,1-Dec-15,299.39,304,304,298.13,299,299.52,300.37,2154,6.47,103,1809,83.98
N100,EQ,2-Dec-15,299.52,304,304,298,301,299.39,301.23,1580,4.76,58,922,58.35
N100,EQ,3-Dec-15,299.39,302.96,306.9,298,298,298.16,299.77,3149,9.44,85,2560,81.3
N100,EQ,4-Dec-15,298.16,301.91,301.91,297,300.86,299.57,298.7,1207,3.61,70,568,47.06
N100,EQ,7-Dec-15,299.57,301,303.9,297.01,299.09,299.54,301.58,2891,8.72,105,2514,86.96
N100,EQ,8-Dec-15,299.54,300,302.01,300,301.79,301.87,301.71,884,2.67,58,594,67.19
N100,EQ,9-Dec-15,301.87,298.2,304.79,298.2,300,300,300.96,508,1.53,41,301,59.25
N100,EQ,10-Dec-15,300,303.29,303.29,300,301,301,301.72,1437,4.34,62,1237,86.08
N100,EQ,11-Dec-15,301,300.5,303.47,300,300.9,301.78,301.33,603,1.82,58,370,61.36
N100,EQ,14-Dec-15,301.78,307.99,307.99,300.1,304,302.8,303.71,2822,8.57,125,1835,65.02
N100,EQ,15-Dec-15,302.8,302,305.9,301.95,301.95,303.96,304.51,5594,17.03,120,4768,85.23
N100,EQ,16-Dec-15,303.96,305,305.98,302,302,302.37,304.37,1641,4.99,43,1450,88.36
N100,EQ,17-Dec-15,302.37,305.46,305.9,301.5,301.95,302.76,303.8,1820,5.53,57,1214,66.7
N100,EQ,18-Dec-15,302.76,304.92,304.92,292.5,298.34,297.16,298.06,1861,5.55,113,1189,63.89
N100,EQ,21-Dec-15,297.16,298,301.69,295,299.5,299.49,298.22,5338,15.92,142,4378,82.02
N100,EQ,22-Dec-15,299.49,299.5,301,295.1,296.5,296.42,299.03,663,1.98,37,490,73.91
N100,EQ,23-Dec-15,296.42,295.11,299.48,295.11,298,298,298.05,1104,3.29,60,817,74
N100,EQ,24-Dec-15,298,300.7,300.7,297.03,299,298.41,299.13,506,1.51,34,345,68.18
N100,EQ,28-Dec-15,298.41,297,300.75,296,296.3,297.37,299.4,1914,5.73,94,1172,61.23
N100,EQ,29-Dec-15,297.37,300.75,300.75,298.6,298.6,298.6,299.81,425,1.27,29,337,79.29
N100,EQ,30-Dec-15,298.6,302.57,302.57,298,300.9,300.9,299.88,1346,4.04,43,835,62.04
N100,EQ,31-Dec-15,300.9,300.9,301.94,298.08,301.8,301.8,301.16,736,2.22,39,440,59.78
N100,EQ,1-Jan-16,301.8,305.99,305.99,299.01,302.7,301.78,301.7,656,1.98,55,436,66.46
N100,EQ,4-Jan-16,301.78,303,329,302.5,307,315.92,314.84,5260,16.56,288,2597,49.37
N100,EQ,5-Jan-16,315.92,317,338.9,316,320,322.4,327.99,1407,4.61,137,1049,74.56
N100,EQ,6-Jan-16,322.4,328.8,332.1,310.01,310.52,310.52,325.67,1125,3.66,77,971,86.31
N100,EQ,7-Jan-16,310.52,309.9,317,300,306,307.17,309.84,1645,5.1,140,1197,72.77
N100,EQ,8-Jan-16,307.17,307.99,314,301.01,314,314,311.11,432,1.34,51,287,66.44
N100,EQ,11-Jan-16,314,313.75,313.8,307.73,311,311,311.54,814,2.54,62,543,66.71
N100,EQ,12-Jan-16,311,327,327,308,309,309,309.7,488,1.51,32,425,87.09
N100,EQ,13-Jan-16,309,309.4,324.2,309.4,315,315,316.2,3154,9.97,79,2542,80.6
N100,EQ,14-Jan-16,315,315,324.99,308,315,314.95,315.44,1808,5.7,87,1603,88.66
N100,EQ,15-Jan-16,314.95,319.1,328,299.15,319.99,305.73,318.32,1316,4.19,100,1026,77.96
N100,EQ,18-Jan-16,305.73,311.8,318,280.1,281,286.4,295.99,7298,21.6,177,4115,56.39
N100,EQ,19-Jan-16,286.4,289,294.69,286,290,291.85,289.92,1773,5.14,120,1413,79.7
N100,EQ,20-Jan-16,291.85,290,292,280.4,288.71,288.1,287.72,2389,6.87,170,1537,64.34
N100,EQ,21-Jan-16,288.1,288.71,299.55,283.4,292,291.96,288.92,943,2.72,98,591,62.67
N100,EQ,22-Jan-16,291.96,297,300.9,292.5,293.18,293.18,297.06,329,0.98,48,280,85.11
N100,EQ,25-Jan-16,293.18,305,321,285,290,289,291.43,2556,7.45,107,1755,68.66
N100,EQ,27-Jan-16,289,293.99,299.94,290,294,295.46,295.55,731,2.16,56,524,71.68
N100,EQ,28-Jan-16,295.46,295,299.99,291.5,299.99,297.54,297.71,452,1.35,35,248,54.87
N100,EQ,29-Jan-16,297.54,299.99,300,299.5,299.99,299.99,299.95,325,0.97,33,316,97.23
N100,EQ,1-Feb-16,299.99,299.99,335.17,299.99,335.17,332.44,317.88,6921,22,230,3932,56.81
N100,EQ,2-Feb-16,332.44,339,340.65,310.03,320,320,327.08,1522,4.98,83,945,62.09
N100,EQ,3-Feb-16,320,318,320,300,300.65,301.04,305.68,4421,13.51,134,2451,55.44
N100,EQ,4-Feb-16,301.04,301.55,315,295.1,300,300,308.56,1639,5.06,82,1011,61.68
N100,EQ,5-Feb-16,300,305,312.93,300,307.93,302.08,307.88,579,1.78,65,465,80.31
N100,EQ,8-Feb-16,302.08,313.96,313.96,290,292.29,293.78,302.33,4089,12.36,140,3501,85.62
N100,EQ,9-Feb-16,293.78,304.85,304.85,295,299.59,297.23,299.77,307,0.92,39,232,75.57
N100,EQ,10-Feb-16,297.23,300,300,293.05,299.44,298.42,296.87,633,1.88,69,387,61.14
N100,EQ,11-Feb-16,298.42,300,300,290,290,293.72,295.13,853,2.52,52,705,82.65
N100,EQ,12-Feb-16,293.72,295,299.9,290,294.99,294.98,294.05,908,2.67,58,624,68.72
N100,EQ,15-Feb-16,294.98,299.4,320,294,304,305.1,309.14,1208,3.73,97,915,75.75
N100,EQ,16-Feb-16,305.1,306,316,300.3,309.98,309.98,308.73,618,1.91,59,443,71.68
N100,EQ,17-Feb-16,309.98,309.9,313,304.99,308.49,308.49,307.69,656,2.02,51,456,69.51
N100,EQ,18-Feb-16,308.49,309.99,309.99,298.02,298.12,298.12,303.18,677,2.05,57,561,82.87
N100,EQ,19-Feb-16,298.12,306,311.69,300,301.99,300.09,303.08,579,1.75,66,417,72.02
N100,EQ,22-Feb-16,300.09,300.99,301,299.06,299.5,299.5,300.25,766,2.3,65,643,83.94
N100,EQ,23-Feb-16,299.5,304.5,304.5,295.1,300,298.84,300.57,944,2.84,46,694,73.52
N100,EQ,24-Feb-16,298.84,299,299,292.01,296.5,296.5,295.92,812,2.4,68,643,79.19
N100,EQ,25-Feb-16,296.5,298,298,287.5,288.2,290.01,290.99,3229,9.4,89,3003,93
N100,EQ,26-Feb-16,290.01,287,291.98,282.5,287.5,288.79,288.48,1277,3.68,50,1026,80.34
N100,EQ,29-Feb-16,288.79,290,294,285.2,285.3,287.93,291.6,972,2.83,76,595,61.21
N100,EQ,1-Mar-16,287.93,290,293.99,282.55,293.99,292.3,289.27,1621,4.69,110,1096,67.61
N100,EQ,2-Mar-16,292.3,294,297.5,289,293.48,292.37,293.33,893,2.62,58,617,69.09
N100,EQ,3-Mar-16,292.37,294,295,288.11,294,293.85,292.18,1131,3.3,68,634,56.06
N100,EQ,4-Mar-16,293.85,296.9,298.5,288.01,293.12,297.35,295.43,2567,7.58,67,2130,82.98
N100,EQ,8-Mar-16,297.35,315,315,290,295,297.69,298.21,1848,5.51,127,1415,76.57
N100,EQ,9-Mar-16,297.69,303.98,303.98,291.04,296.88,296.95,299.84,461,1.38,27,198,42.95
N100,EQ,10-Mar-16,296.95,300,302,290.51,292.75,293.15,296.44,788,2.34,73,484,61.42
N100,EQ,11-Mar-16,293.15,292,297,292,292,292.16,294.11,511,1.5,29,394,77.1
N100,EQ,14-Mar-16,292.16,292.16,297.5,290,292.01,293.72,294.25,1201,3.53,78,612,50.96
N100,EQ,15-Mar-16,293.72,296,296,292,296,296,295.24,1090,3.22,64,766,70.28
N100,EQ,16-Mar-16,296,296,296.49,290.82,292,292,293.23,785,2.3,29,640,81.53
N100,EQ,17-Mar-16,292,314.94,314.95,292.05,292.05,292.46,294.06,706,2.08,49,469,66.43
N100,EQ,18-Mar-16,292.46,295.1,295.79,290.52,292,292.02,293.94,764,2.25,40,521,68.19
N100,EQ,21-Mar-16,292.02,296,296,290.22,291,292.72,294.56,1131,3.33,74,890,78.69
N100,EQ,22-Mar-16,292.72,294,294,290.1,293.8,293.81,292.62,594,1.74,42,345,58.08
N100,EQ,23-Mar-16,293.81,293,294.99,282.7,290,290.1,289.07,1006,2.91,73,632,62.82
N100,EQ,28-Mar-16,290.1,299.8,299.8,290.11,296.5,296.5,295.97,1027,3.04,75,892,86.85
N100,EQ,29-Mar-16,296.5,294,295,290,295,294.9,292.99,765,2.24,40,510,66.67
N100,EQ,30-Mar-16,294.9,294.9,297.84,291,291,291.03,293.08,605,1.77,34,526,86.94
N100,EQ,31-Mar-16,291.03,291,296.48,291,293.06,293.54,294.22,280,0.82,31,210,75
N100,EQ,1-Apr-16,293.54,299.45,299.45,293.1,293.1,294.82,296,463,1.37,37,463,100
N100,EQ,4-Apr-16,294.82,291,299.47,291,296.5,296.5,296.38,1287,3.81,86,930,72.26
N100,EQ,5-Apr-16,296.5,296.02,298.99,296,296.8,296.8,296.68,651,1.93,38,554,85.1
N100,EQ,6-Apr-16,296.8,297.2,297.2,293.2,293.41,293.67,295.21,420,1.24,29,301,71.67
N100,EQ,7-Apr-16,293.67,299.45,308,294.1,300,300,301.08,2759,8.31,82,2306,83.58
N100,EQ,8-Apr-16,300,303,310,294.55,296,297.91,303.56,1909,5.79,93,1579,82.71
N100,EQ,11-Apr-16,297.91,301.88,301.88,295,295.01,296.98,298.92,1202,3.59,90,882,73.38
N100,EQ,12-Apr-16,296.98,300.5,300.5,295.5,298,298,299.66,444,1.33,24,391,88.06
N100,EQ,13-Apr-16,298,298,301,298,298,298,299.36,452,1.35,26,312,69.03
N100,EQ,18-Apr-16,298,301.87,308.5,300,306.9,306.16,306.11,1375,4.21,128,998,72.58
N100,EQ,20-Apr-16,306.16,308.94,308.94,302,305,304.72,304.86,565,1.72,55,357,63.19
N100,EQ,21-Apr-16,304.72,309,309,301.01,304,304,304.03,283,0.86,31,259,91.52
N100,EQ,22-Apr-16,304,304,304,297,298.15,299.79,300.61,1666,5.01,66,1488,89.32
N100,EQ,25-Apr-16,299.79,310,310,297,302.5,301.84,301.58,1667,5.03,63,1621,97.24
N100,EQ,26-Apr-16,301.84,303.91,303.91,298,298,298,300.62,624,1.88,39,455,72.92
N100,EQ,27-Apr-16,298,302.99,303,291,293,292.12,295.13,1251,3.69,94,815,65.15
N100,EQ,28-Apr-16,292.12,301.99,301.99,290,296.5,294.1,293.34,730,2.14,57,541,74.11
N100,EQ,29-Apr-16,294.1,303,309.7,294.51,300,300,302.68,1097,3.32,77,697,63.54
N100,EQ,2-May-16,300,302,302,296.01,299.96,297.68,299.56,867,2.6,71,659,76.01
N100,EQ,3-May-16,297.68,300.1,311.6,292,292,295.1,301.6,3475,10.48,109,1440,41.44
N100,EQ,4-May-16,295.1,299.86,299.86,283.5,287.1,289.94,289.88,4772,13.83,102,4026,84.37
N100,EQ,5-May-16,289.94,297.99,298,291,292.01,294.66,293.67,676,1.99,52,455,67.31
N100,EQ,6-May-16,294.66,295.69,298.65,291.01,291.01,292.26,295.77,911,2.69,53,555,60.92
N100,EQ,9-May-16,292.26,298.58,298.65,293.3,293.3,294.77,297.01,1435,4.26,75,1031,71.85
N100,EQ,10-May-16,294.77,296.5,298.6,292.21,298,297.58,296.94,901,2.68,48,752,83.46
N100,EQ,11-May-16,297.58,298,298,296,298,297.99,297.45,414,1.23,22,292,70.53
N100,EQ,12-May-16,297.99,298.49,298.5,294.61,297.5,297.5,296.99,434,1.29,33,336,77.42
N100,EQ,13-May-16,297.5,298.65,298.65,294.15,298,297.99,297.29,305,0.91,28,221,72.46
N100,EQ,16-May-16,297.99,300.01,306.15,295.51,295.51,295.51,298.53,1537,4.59,132,924,60.12
N100,EQ,17-May-16,295.51,297.15,298.99,296,298.99,298.99,297.13,478,1.42,28,360,75.31
N100,EQ,18-May-16,298.99,293.7,297.99,293.7,294.55,295.85,296.04,354,1.05,32,168,47.46
N100,EQ,19-May-16,295.85,301.9,301.9,297.1,299.4,299.4,299.33,998,2.99,24,708,70.94
N100,EQ,20-May-16,299.4,302,305,296.02,296.15,296.15,299.57,816,2.44,39,690,84.56
N100,EQ,23-May-16,296.15,301.8,301.8,296.21,299.9,298.32,299.22,1345,4.02,76,854,63.49
N100,EQ,24-May-16,298.32,301.88,301.88,292.75,293,293.01,295.3,1709,5.05,55,1284,75.13
N100,EQ,25-May-16,293.01,295,295,290.01,295,295,294.8,2594,7.65,60,2157,83.15
N100,EQ,26-May-16,295,296.42,298.97,291.1,293.51,293.1,294.62,403,1.19,28,274,67.99
N100,EQ,27-May-16,293.1,295,295,290,294.99,290.53,293.16,2766,8.11,64,1584,57.27
N100,EQ,30-May-16,290.53,296.42,296.42,292.6,295,295,294.76,1259,3.71,49,1014,80.54
N100,EQ,31-May-16,295,296.42,296.42,294.51,294.95,294.95,295.01,518,1.53,24,411,79.34
N100,EQ,1-Jun-16,294.95,291.12,295,291.11,295,294.36,294.37,859,2.53,56,673,78.35
N100,EQ,2-Jun-16,294.36,295,295,292.66,294.95,293.78,294.06,542,1.59,34,315,58.12
N100,EQ,3-Jun-16,293.78,295,295,293.5,294,294,294.73,395,1.16,29,367,92.91
N100,EQ,6-Jun-16,294,291.99,295,291.99,292.3,292.7,294.72,2447,7.21,65,2195,89.7
N100,EQ,7-Jun-16,292.7,293.1,295,293.1,294.99,294.28,294.92,979,2.89,39,687,70.17
N100,EQ,8-Jun-16,294.28,294.98,294.99,293,293,293.67,293.65,596,1.75,26,388,65.1
N100,EQ,9-Jun-16,293.67,294.97,294.98,291.03,294.98,294.62,293.75,616,1.81,48,300,48.7
N100,EQ,10-Jun-16,294.62,294.98,297.93,292.25,294.1,294.1,294.64,389,1.15,36,297,76.35
N100,EQ,13-Jun-16,294.1,293,294.4,291.17,292.55,292.55,293.04,851,2.49,48,499,58.64
N100,EQ,14-Jun-16,292.55,294.72,294.72,290,290.1,290.32,291.27,432,1.26,36,386,89.35
N100,EQ,15-Jun-16,290.32,290.2,293.5,290.2,293.5,293.49,293.36,1132,3.32,70,877,77.47
N100,EQ,16-Jun-16,293.49,293.48,293.5,292,293.5,293.43,293.05,217,0.64,28,146,67.28
N100,EQ,17-Jun-16,293.43,292,294.99,291.5,294.99,294.9,294.82,606,1.79,37,417,68.81
N100,EQ,20-Jun-16,294.9,294.98,295,293.01,295,295,294.69,786,2.32,46,483,61.45
N100,EQ,21-Jun-16,295,294,295,293,293,293,294.35,1380,4.06,44,687,49.78
N100,EQ,22-Jun-16,293,293.01,294,289.7,292.2,292.2,292.34,2099,6.14,93,945,45.02
N100,EQ,23-Jun-16,292.2,294.98,294.98,291,291,291.9,293.86,321,0.94,34,245,76.32
N100,EQ,24-Jun-16,291.9,294.9,294.9,290,292,291.81,290.39,1548,4.5,44,1358,87.73
N100,EQ,27-Jun-16,291.81,295,295,292,295,294.34,294.36,1472,4.33,70,993,67.46
N100,EQ,28-Jun-16,294.34,299.99,299.99,288,292,288.53,292.42,2087,6.1,101,1758,84.24
N100,EQ,29-Jun-16,288.53,294,297.88,289.5,293,293,291.47,646,1.88,32,593,91.8
N100,EQ,30-Jun-16,293,295.98,295.98,291.01,293,293,293.56,518,1.52,27,345,66.6
N100,EQ,1-Jul-16,293,299,299.8,293,298,296.13,295.48,3492,10.32,113,2701,77.35
N100,EQ,4-Jul-16,296.13,300,314.5,299.95,302.9,302.9,303.31,1873,5.68,187,1322,70.58
N100,EQ,5-Jul-16,302.9,309.9,309.9,293,297.01,297.9,298,4102,12.22,186,2330,56.8
N100,EQ,7-Jul-16,297.9,304.99,304.99,296,299.84,296.58,299.95,1202,3.61,96,841,69.97
N100,EQ,8-Jul-16,296.58,300,308.8,297.35,297.35,297.35,302.01,1656,5,45,1283,77.48
N100,EQ,11-Jul-16,297.35,297.3,307.5,296.05,299.9,299.98,299.36,1926,5.77,114,1405,72.95
N100,EQ,12-Jul-16,299.98,295.65,300,295.65,296.31,296.31,298.59,1127,3.37,60,751,66.64
N100,EQ,13-Jul-16,296.31,301.96,304.89,297.15,299,298.84,300.72,1407,4.23,49,887,63.04
N100,EQ,14-Jul-16,298.84,302.84,302.84,297.01,300,300,299.48,421,1.26,24,268,63.66
N100,EQ,15-Jul-16,300,301,305.99,298.4,300,299.76,300.46,1588,4.77,68,1093,68.83
N100,EQ,18-Jul-16,299.76,299.9,304.44,298.07,300,300.37,302.75,918,2.78,70,735,80.07
N100,EQ,19-Jul-16,300.37,300.4,300.4,297.1,300,300,299.48,258,0.77,20,143,55.43
N100,EQ,20-Jul-16,300,299,303,291.01,299.99,298.75,297.43,6747,20.07,189,1137,16.85
N100,EQ,21-Jul-16,298.75,305.99,305.99,297.02,301.95,301.95,300.46,402,1.21,34,168,41.79
N100,EQ,22-Jul-16,301.95,299.99,300,297.2,300,299.96,299.9,802,2.41,33,690,86.03
N100,EQ,25-Jul-16,299.96,303.99,303.99,298.01,299.99,299.99,299.65,1870,5.6,68,968,51.76
N100,EQ,26-Jul-16,299.99,300,302.69,298,301,300.71,300.09,833,2.5,38,554,66.51
N100,EQ,27-Jul-16,300.71,301.79,304.46,299.21,302.99,302.99,301.76,859,2.59,39,412,47.96
N100,EQ,28-Jul-16,302.99,304.49,304.95,301.99,304.95,304.9,303.07,735,2.23,32,172,23.4
N100,EQ,29-Jul-16,304.9,304,304.9,294.5,297.71,297.92,298.12,4306,12.84,193,2241,52.04
N100,EQ,1-Aug-16,297.92,302.49,302.49,300.06,301.85,301.8,301.58,1316,3.97,77,1110,84.35
N100,EQ,2-Aug-16,301.8,302,302,298,300.99,298.55,299.43,681,2.04,35,610,89.57
N100,EQ,3-Aug-16,298.55,303.47,303.48,291.7,300,297.35,296.15,2795,8.28,112,1520,54.38
N100,EQ,4-Aug-16,297.35,309.2,330.1,297.5,299.11,299.17,300.95,1325,3.99,68,752,56.75
N100,EQ,5-Aug-16,299.17,300.01,303,300.01,302.9,302.89,302.41,832,2.52,33,758,91.11
N100,EQ,8-Aug-16,302.89,303,315,302.95,304.18,304.18,306.85,3708,11.38,174,2952,79.61
N100,EQ,9-Aug-16,304.18,304.18,304.18,303,304.18,304.18,304.06,1448,4.4,28,1198,82.73
N100,EQ,10-Aug-16,304.18,309.99,309.99,301.02,302.9,302.81,302.8,1001,3.03,47,663,66.23
N100,EQ,11-Aug-16,302.81,314,322,307,307.6,309.74,317.39,3811,12.1,89,3291,86.36
N100,EQ,12-Aug-16,309.74,304.01,309,303.26,308,306.99,307.16,986,3.03,54,619,62.78
N100,EQ,16-Aug-16,306.99,307,307,305.15,306,305.94,306.11,3189,9.76,83,2837,88.96
N100,EQ,17-Aug-16,305.94,309.99,309.99,302.1,305,305.03,305.73,727,2.22,29,340,46.77
N100,EQ,18-Aug-16,305.03,305,308.99,303.6,304.03,305.64,306.2,893,2.73,36,576,64.5
N100,EQ,19-Aug-16,305.64,304.02,307.95,298,306,305.97,304.59,1352,4.12,97,999,73.89
N100,EQ,22-Aug-16,305.97,300.6,304.79,297,300.16,300.16,300.16,12012,36.06,136,11128,92.64
N100,EQ,23-Aug-16,300.16,308.5,308.5,302.1,303.95,303.95,303.39,675,2.05,24,569,84.3
N100,EQ,24-Aug-16,303.95,304,304.9,301.99,302,301.99,302.49,1924,5.82,47,1307,67.93
N100,EQ,25-Aug-16,301.99,303.98,304.9,299.07,302,302,302.67,1269,3.84,63,748,58.94
N100,EQ,26-Aug-16,302,300,305,298,302,302,302.95,500,1.51,28,364,72.8
N100,EQ,29-Aug-16,302,307,310,300.5,301.15,301.18,302.57,3280,9.92,74,2750,83.84
N100,EQ,30-Aug-16,301.18,307.98,307.98,298.51,299.15,299.44,300.06,4662,13.99,95,4138,88.76
N100,EQ,31-Aug-16,299.44,300.99,301,300.1,300.1,300.1,300.33,2267,6.81,40,2077,91.62
N100,EQ,1-Sep-16,300.1,306.68,306.68,299.15,302.24,300.98,301.9,1719,5.19,102,1064,61.9
N100,EQ,2-Sep-16,300.98,300,306.25,299.15,303.6,303.28,301.87,751,2.27,49,444,59.12
N100,EQ,6-Sep-16,303.28,303,307,300.02,306.92,306.32,304.18,2812,8.55,123,2319,82.47
N100,EQ,7-Sep-16,306.32,306,306,302.15,304,305.97,305.59,909,2.78,53,620,68.21
N100,EQ,8-Sep-16,305.97,309.98,309.98,305,305,305,306.24,432,1.32,32,237,54.86
N100,EQ,9-Sep-16,305,305,307.7,300.02,306,306,306,564,1.73,39,295,52.3
N100,EQ,12-Sep-16,306,308.95,308.95,291,299.4,298.29,301.05,4726,14.23,243,2606,55.14
N100,EQ,14-Sep-16,298.29,305.8,305.8,302,304.75,304.72,304.17,1065,3.24,67,784,73.62
N100,EQ,15-Sep-16,304.72,305,307.98,302,307.5,307.49,307.1,1858,5.71,108,1270,68.35
N100,EQ,16-Sep-16,307.49,307.5,308.88,305,305,306.65,307.91,1952,6.01,65,1592,81.56
N100,EQ,19-Sep-16,306.65,308.9,309.3,302.1,304,304.2,306.13,1139,3.49,103,793,69.62
N100,EQ,20-Sep-16,304.2,304,308.9,303.05,305,307.72,307.1,1006,3.09,53,535,53.18
N100,EQ,21-Sep-16,307.72,309,310,304.22,309.99,309.99,308.55,959,2.96,78,465,48.49
N100,EQ,22-Sep-16,309.99,310,313,307.05,309.55,309.46,310.36,1132,3.51,58,620,54.77
N100,EQ,23-Sep-16,309.46,312.99,314.99,306.9,310,310,311.35,2440,7.6,78,1727,70.78
N100,EQ,26-Sep-16,310,310,313.97,305,305,305.92,308.64,1835,5.66,75,1219,66.43
N100,EQ,27-Sep-16,305.92,314.95,314.95,304,306.9,305.18,305.65,1739,5.32,58,1265,72.74
N100,EQ,28-Sep-16,305.18,306,310,300.32,310,310,307.13,783,2.4,66,434,55.43
N100,EQ,29-Sep-16,310,309.85,309.85,303.05,308.89,307.1,305.98,1051,3.22,87,674,64.13
N100,EQ,30-Sep-16,307.1,309.5,309.89,296.51,304.5,304.03,300.1,4215,12.65,303,2175,51.6
N100,EQ,3-Oct-16,304.03,305.99,311.9,304.03,308.5,310.55,309.18,1496,4.63,151,1077,71.99
N100,EQ,4-Oct-16,310.55,313.5,313.5,307.2,310,310,311.57,1165,3.63,76,815,69.96
N100,EQ,5-Oct-16,310,314,314.99,305.5,311.6,311.55,309.75,1401,4.34,127,870,62.1
N100,EQ,6-Oct-16,311.55,312,313.99,310,313.9,313.9,312.15,493,1.54,37,271,54.97
N100,EQ,7-Oct-16,313.9,316,319.8,305.21,307.1,307.17,310.38,2352,7.3,202,1416,60.2
N100,EQ,10-Oct-16,307.17,313.99,314.99,310.62,314.49,314.48,314.01,827,2.6,69,713,86.22
N100,EQ,13-Oct-16,314.48,313.99,314.99,307.5,308.2,312.19,312.38,1100,3.44,90,854,77.64
N100,EQ,14-Oct-16,312.19,313.99,315.89,308.57,315.89,315.12,313.26,1238,3.88,106,738,59.61
N100,EQ,17-Oct-16,315.12,316.99,316.99,308.5,314.9,314.9,314.99,1166,3.67,103,948,81.3
N100,EQ,18-Oct-16,314.9,313.88,314.99,310.12,314.99,314.99,313.78,941,2.95,55,618,65.67
N100,EQ,19-Oct-16,314.99,315.98,316.97,302.11,306.1,306.69,308.25,3126,9.64,145,1860,59.5
N100,EQ,20-Oct-16,306.69,304.55,310,304.5,307,307,308.24,486,1.5,65,269,55.35
N100,EQ,21-Oct-16,307,310,315.97,307.25,313.94,313.94,313.47,437,1.37,63,265,60.64
N100,EQ,24-Oct-16,313.94,317.9,317.9,307.01,314,313.99,312.32,1092,3.41,89,599,54.85
N100,EQ,25-Oct-16,313.99,314.5,317,310,316.9,311.41,314.02,1470,4.62,92,1248,84.9
N100,EQ,26-Oct-16,311.41,317.99,319.94,315.89,317,318.84,317.41,585,1.86,44,427,72.99
N100,EQ,27-Oct-16,318.84,319,319,312.8,313,313,315.65,149,0.47,23,116,77.85
N100,EQ,28-Oct-16,313,313,318.94,312,317.75,317.69,316.48,256,0.81,44,140,54.69
N100,EQ,30-Oct-16,317.69,312,318,312,312.02,317.06,316.17,1053,3.33,36,816,77.49
N100,EQ,1-Nov-16,317.06,317.99,318,312.15,317.74,317.38,317.04,1287,4.08,73,995,77.31
N100,EQ,2-Nov-16,317.38,330.1,352.3,309,314.5,314.5,312.35,970,3.03,62,706,72.78
N100,EQ,3-Nov-16,314.5,315,316.44,309.65,310,310,314.46,401,1.26,26,388,96.76
N100,EQ,4-Nov-16,310,308.2,319.99,307.5,317,315.96,309.99,4893,15.17,120,3935,80.42
N100,EQ,7-Nov-16,315.96,320,320,314.4,314.5,314.5,317.82,1163,3.7,70,1050,90.28
N100,EQ,8-Nov-16,314.5,314.5,320,311,319.92,319.58,317.62,1049,3.33,68,714,68.06
N100,EQ,9-Nov-16,319.58,320,329,306.55,310.01,312.54,315.38,1342,4.23,90,1041,77.57
N100,EQ,10-Nov-16,312.54,317.99,319.99,316,318,318,318.69,519,1.65,66,400,77.07
N100,EQ,11-Nov-16,318,319.9,323,316,316,316.18,319.41,393,1.26,39,295,75.06
N100,EQ,15-Nov-16,316.18,319.94,320,312,319,319,318.7,1473,4.69,98,1301,88.32
N100,EQ,16-Nov-16,319,320,320,315,320,320,319.51,493,1.58,41,445,90.26
N100,EQ,17-Nov-16,320,325,327,315,315,316.12,319.25,628,2,45,430,68.47
N100,EQ,18-Nov-16,316.12,320,339.09,318,318,324.24,327.16,993,3.25,129,623,62.74
N100,EQ,21-Nov-16,324.24,330,349.99,325,345,346.07,342.84,1823,6.25,148,1311,71.91
N100,EQ,22-Nov-16,346.07,349.99,353.49,335.52,350,349.67,347.18,1043,3.62,108,835,80.06
N100,EQ,23-Nov-16,349.67,350.01,353,340.75,350,349.62,350.29,787,2.76,88,459,58.32
N100,EQ,24-Nov-16,349.62,355,355,352,354,353.96,354.03,353,1.25,39,296,83.85
N100,EQ,25-Nov-16,353.96,354,354.99,345,350,350.28,352.24,1435,5.05,81,1279,89.13
N100,EQ,28-Nov-16,350.28,355,365,355,356,361.35,359.95,904,3.25,102,718,79.42
N100,EQ,29-Nov-16,361.35,365,375,356.11,372,371.3,366.92,1506,5.53,140,1089,72.31
N100,EQ,30-Nov-16,371.3,365,365.01,360.55,365,364.99,363.97,474,1.73,34,437,92.19
N100,EQ,1-Dec-16,364.99,363.9,378,360,367.2,367.05,367.55,1252,4.6,133,1115,89.06
N100,EQ,2-Dec-16,367.05,374.79,375,370,375,374.32,372.33,1083,4.03,72,723,66.76
N100,EQ,5-Dec-16,374.32,370,375,366.02,372,371.74,371.77,1860,6.91,132,1589,85.43
N100,EQ,6-Dec-16,371.74,374.74,375,366,367,367,370,887,3.28,63,805,90.76
N100,EQ,7-Dec-16,367,370,370,360,368.95,368.97,367.47,864,3.17,89,770,89.12
N100,EQ,8-Dec-16,368.97,369,369.9,364,366,366.31,368.44,1089,4.01,64,977,89.72
N100,EQ,9-Dec-16,366.31,368,370,366.01,369,369,368.4,1543,5.68,54,1445,93.65
N100,EQ,12-Dec-16,369,370,379,361,370,369.99,370.85,1055,3.91,80,945,89.57
N100,EQ,13-Dec-16,369.99,369.99,376.5,367,367,368.85,369.06,1031,3.81,65,753,73.04
N100,EQ,14-Dec-16,368.85,370,370,346,353.15,357.18,364.05,1713,6.24,159,1488,86.87
N100,EQ,15-Dec-16,357.18,357,369.49,345.65,347.1,351.37,356.01,2940,10.47,214,2410,81.97
N100,EQ,16-Dec-16,351.37,349,360,349,356.4,356.43,356.11,313,1.11,51,254,81.15
N100,EQ,19-Dec-16,356.43,363.97,363.97,357,360,360.01,359.53,580,2.09,52,513,88.45
N100,EQ,20-Dec-16,360.01,360,363.99,358,363,362.99,360.79,425,1.53,42,405,95.29
N100,EQ,21-Dec-16,362.99,363.99,365.99,353.51,357,357.87,359.54,1083,3.89,100,761,70.27
N100,EQ,22-Dec-16,357.87,363.9,363.9,357,357,357.05,359.89,1186,4.27,48,1100,92.75
N100,EQ,23-Dec-16,357.05,362.89,370,356.01,360,360,360.74,631,2.28,43,482,76.39
N100,EQ,26-Dec-16,360,364.9,370,356.51,360,360.8,363.3,750,2.72,68,523,69.73
N100,EQ,27-Dec-16,360.8,374,374,357.1,358.99,358.52,361.39,1474,5.33,65,1111,75.37
N100,EQ,28-Dec-16,358.52,372.9,375,359,359.5,359.5,360.55,1438,5.18,39,1317,91.59
N100,EQ,29-Dec-16,359.5,352.01,366.99,352.01,359,356.25,359.69,1043,3.75,57,878,84.18
N100,EQ,30-Dec-16,356.25,361,361.74,355,355,355.01,357.35,551,1.97,53,457,82.94
N100,EQ,2-Jan-17,355.01,361,365,358,359,359,360.57,1713,6.18,112,1231,71.86
N100,EQ,3-Jan-17,359,362.99,362.99,359,359,359.09,360.73,1109,4,60,890,80.25
N100,EQ,4-Jan-17,359.09,360,364.89,360,361.55,361.55,362.09,5059,18.32,65,5004,98.91
N100,EQ,5-Jan-17,361.55,360,365.95,360,364.5,364.5,364.19,620,2.26,52,546,88.06
N100,EQ,6-Jan-17,364.5,366,366,357.51,360.5,358.02,361.04,825,2.98,58,728,88.24
N100,EQ,9-Jan-17,358.02,372.3,374.99,359.21,366.1,366.04,363.32,1430,5.2,135,1184,82.8
N100,EQ,10-Jan-17,366.04,365.99,377.95,356,363,360.35,368.09,3385,12.46,242,2375,70.16
N100,EQ,11-Jan-17,360.35,365.98,367.1,364.7,367.1,366.83,365.32,791,2.89,39,749,94.69
N100,EQ,12-Jan-17,366.83,369,370.9,367,370.85,370.65,369.07,386,1.42,33,356,92.23
N100,EQ,13-Jan-17,370.65,374,374,361,366.5,366.5,366.81,740,2.71,87,591,79.86
N100,EQ,16-Jan-17,366.5,369,376.85,365,369.02,371.17,370.78,909,3.37,135,779,85.7
N100,EQ,17-Jan-17,371.17,375.9,375.9,365,375.9,374.99,371.56,1122,4.17,79,708,63.1
N100,EQ,18-Jan-17,374.99,375.9,375.9,370.12,374,374.04,374.03,815,3.05,51,548,67.24
N100,EQ,19-Jan-17,374.04,375.9,375.95,369,375,375.47,374.38,1100,4.12,67,710,64.55
N100,EQ,20-Jan-17,375.47,375.89,375.89,369,375,374.14,373.51,639,2.39,65,352,55.09
N100,EQ,23-Jan-17,374.14,375.45,375.5,369,371,374.37,371.79,1120,4.16,69,947,84.55
N100,EQ,24-Jan-17,374.37,375.49,379,374.99,375.5,375.49,376.43,504,1.9,48,407,80.75
N100,EQ,25-Jan-17,375.49,378.98,378.98,372,377,376.89,375.89,446,1.68,55,276,61.88
N100,EQ,27-Jan-17,376.89,377,387.9,377,381,383.96,384.17,2120,8.14,106,1883,88.82
N100,EQ,30-Jan-17,383.96,385,387.9,380.15,384.95,384.95,385.83,1358,5.24,94,1029,75.77
N100,EQ,31-Jan-17,384.95,387.95,390,373.1,375,375,380.19,1469,5.58,75,1389,94.55
N100,EQ,1-Feb-17,375,372,381.9,372,375,375,377.2,1568,5.91,105,1231,78.51
N100,EQ,2-Feb-17,375,382.95,382.95,372.5,377.98,377.98,376.84,448,1.69,44,268,59.82
N100,EQ,3-Feb-17,377.98,375,375,361.1,361.1,366.69,366.98,3481,12.77,164,2755,79.14
N100,EQ,6-Feb-17,366.69,365,372.55,360,369,368.84,366.7,1734,6.36,122,1341,77.34
N100,EQ,7-Feb-17,368.84,368,373,363.06,369.65,369.65,369.66,1295,4.79,110,832,64.25
N100,EQ,8-Feb-17,369.65,371.96,372.98,367.01,371.89,371.89,371.47,334,1.24,35,261,78.14
N100,EQ,9-Feb-17,371.89,372,378,372,375,375.29,375.68,1508,5.67,157,954,63.26
N100,EQ,10-Feb-17,375.29,377,384.5,377,380.95,380.95,381.51,1315,5.02,109,856,65.1
N100,EQ,13-Feb-17,380.95,390,397,383.01,383.5,386.08,388.84,2433,9.46,190,1889,77.64
N100,EQ,14-Feb-17,386.08,388,400,388,399.85,399.55,397.13,2542,10.1,141,2111,83.04
N100,EQ,15-Feb-17,399.55,393,405.8,393,405.8,405.8,403.96,2787,11.26,122,2305,82.71
N100,EQ,16-Feb-17,405.8,405.94,412.9,405.01,412.8,412.65,409.59,696,2.85,67,635,91.24
N100,EQ,17-Feb-17,412.65,415,417.49,410,410.1,411.32,414.34,1652,6.84,86,1134,68.64
N100,EQ,20-Feb-17,411.32,416,416,410,416,415.81,414.95,839,3.48,68,641,76.4
N100,EQ,21-Feb-17,415.81,415,422.74,413,422,420.87,418.63,1031,4.32,79,793,76.92
N100,EQ,22-Feb-17,420.87,413,424.4,413,422,423.44,423.29,589,2.49,64,392,66.55
N100,EQ,23-Feb-17,423.44,420,423.51,420,423.5,422.32,422.06,472,1.99,39,442,93.64
N100,EQ,27-Feb-17,422.32,423,425.66,421,425.66,425.66,424.46,907,3.85,71,735,81.04
N100,EQ,28-Feb-17,425.66,425.66,426.09,425,426,426,425.77,580,2.47,33,579,99.83
N100,EQ,1-Mar-17,426,422.6,424.44,422,424.4,424.26,423.66,1048,4.44,80,962,91.79
N100,EQ,2-Mar-17,424.26,424,424.1,423.99,424,424,424,233,0.99,30,233,100
N100,EQ,3-Mar-17,424,420,422.55,409,414,412.3,417.63,2697,11.26,112,2593,96.14
N100,EQ,6-Mar-17,412.3,412,428,412,419.9,419.74,420.17,1377,5.79,129,811,58.9
N100,EQ,7-Mar-17,419.74,420,425.2,414.5,425,425.01,423.19,1036,4.38,112,852,82.24
N100,EQ,8-Mar-17,425.01,425,425,417.5,420,421.58,421.19,446,1.88,37,357,80.04
N100,EQ,9-Mar-17,421.58,424.95,424.95,417.2,418,419.61,418.84,399,1.67,37,296,74.19
N100,EQ,10-Mar-17,419.61,419,423.5,415.4,421.99,420.66,420.64,815,3.43,61,426,52.27
N100,EQ,14-Mar-17,420.66,424.86,424.86,420,420,420,421.31,1876,7.9,95,1476,78.68
N100,EQ,15-Mar-17,420,420,421.99,416.98,416.98,416.98,418.98,1234,5.17,92,1014,82.17
N100,EQ,16-Mar-17,416.98,420,425.49,415.38,420,420,419.58,1369,5.74,50,1077,78.67
N100,EQ,17-Mar-17,420,420.85,420.85,404,411,412.6,412.9,2299,9.49,131,1554,67.59
N100,EQ,20-Mar-17,412.6,420,420,405.1,414.35,414.06,412.58,1662,6.86,129,983,59.15
N100,EQ,21-Mar-17,414.06,414.5,419.97,413.2,418,418,417.39,502,2.1,35,367,73.11
N100,EQ,22-Mar-17,418,417,417.5,407,409.9,409.93,411.17,1708,7.02,111,1368,80.09
N100,EQ,23-Mar-17,409.93,410,414.5,409.01,412.9,412.17,411.94,704,2.9,39,440,62.5
N100,EQ,24-Mar-17,412.17,413,413.37,404.1,404.1,404.61,407.87,1722,7.02,115,1281,74.39
